{
  "IcoMoonType": "selection",
  "icons": [
    {
      "icon": {
        "paths": [
          "M853.333 290.58l-63.027-63.025-249.862 249.864-249.864-249.864-63.025 63.025 249.864 249.864-249.864 249.862 63.025 63.027 249.864-249.862 249.862 249.862 63.027-63.027-249.862-249.862 249.862-249.864z"
        ],
        "attrs": [
          {
            "fill": "rgb(33, 150, 243)"
          }
        ],
        "isMulticolor": false,
        "isMulticolor2": false,
        "grid": 0,
        "tags": [
          "close-blue-18dp"
        ],
        "colorPermutations": {
          "255108012552552551331502431": [
            {
              "f": 1
            }
          ]
        }
      },
      "attrs": [
        {
          "fill": "rgb(33, 150, 243)"
        }
      ],
      "properties": {
        "order": 2,
        "id": 9,
        "name": "close-blue-18dp",
        "prevSize": 32
      },
      "setIdx": 0,
      "setId": 2,
      "iconIdx": 2
    },
    {
      "icon": {
        "paths": [
          "M853.333 170.667h-682.667c-46.933 0-84.907 38.4-84.907 85.333l-0.427 512c0 46.933 38.4 85.333 85.333 85.333h682.667c46.933 0 85.333-38.4 85.333-85.333v-512c0-46.933-38.4-85.333-85.333-85.333zM836.267 352l-301.653 188.587c-13.653 8.533-31.573 8.533-45.227 0l-301.653-188.587c-10.667-6.827-17.067-18.347-17.067-30.72 0-28.587 31.147-45.653 55.467-30.72l285.867 178.773 285.867-178.773c24.32-14.933 55.467 2.133 55.467 30.72 0 12.373-6.4 23.893-17.067 30.72z"
        ],
        "attrs": [
          {}
        ],
        "isMulticolor": false,
        "isMulticolor2": false,
        "grid": 0,
        "tags": [
          "email-black-18dp 1"
        ],
        "colorPermutations": {
          "255108012552552551331502431": [
            {}
          ]
        }
      },
      "attrs": [
        {}
      ],
      "properties": {
        "order": 3,
        "id": 8,
        "name": "email-black-18dp-1",
        "prevSize": 32
      },
      "setIdx": 0,
      "setId": 2,
      "iconIdx": 3
    },
    {
      "icon": {
        "paths": [
          "M136.533 0h819.2c75.405 0 136.533 61.128 136.533 136.533v750.933c0 75.405-61.128 136.533-136.533 136.533h-819.2c-75.405 0-136.533-61.128-136.533-136.533v-750.933c0-75.405 61.128-136.533 136.533-136.533z",
          "M270.133 529.18l-4.695-4.48-70.546 66.825 248.551 237.109 522.183-498.145-70.083-66.856-452.098 430.877-173.311-165.331z"
        ],
        "attrs": [
          {
            "fill": "rgb(33, 150, 243)"
          },
          {
            "fill": "rgb(255, 255, 255)",
            "stroke": "rgb(255, 255, 255)",
            "strokeLinejoin": "miter",
            "strokeLinecap": "butt",
            "strokeMiterlimit": "4",
            "strokeWidth": 13.653333333333334
          }
        ],
        "width": 1092,
        "isMulticolor": true,
        "isMulticolor2": true,
        "grid": 0,
        "tags": [
          "icon check"
        ],
        "colorPermutations": {
          "255108012552552551331502431": [
            {
              "f": 1
            },
            {
              "f": 2,
              "s": 2
            }
          ]
        }
      },
      "attrs": [
        {
          "fill": "rgb(33, 150, 243)"
        },
        {
          "fill": "rgb(255, 255, 255)",
          "stroke": "rgb(255, 255, 255)",
          "strokeLinejoin": "miter",
          "strokeLinecap": "butt",
          "strokeMiterlimit": "4",
          "strokeWidth": 13.653333333333334
        }
      ],
      "properties": {
        "order": 4,
        "id": 7,
        "name": "icon-check",
        "prevSize": 32
      },
      "setIdx": 0,
      "setId": 2,
      "iconIdx": 4
    },
    {
      "icon": {
        "paths": [
          "M1024 0l-1024 576 327.251 121.203 504.749-473.202-383.927 517.955 0.311 0.115-0.384-0.115v282.048l183.522-214.106 232.482 86.106 159.996-896.004z"
        ],
        "attrs": [
          {
            "fill": "rgb(255, 255, 255)"
          }
        ],
        "isMulticolor": false,
        "isMulticolor2": false,
        "grid": 0,
        "tags": [
          "icon send"
        ],
        "colorPermutations": {
          "255108012552552551331502431": [
            {
              "f": 2
            }
          ]
        }
      },
      "attrs": [
        {
          "fill": "rgb(255, 255, 255)"
        }
      ],
      "properties": {
        "order": 11,
        "id": 6,
        "name": "icon-send",
        "prevSize": 32
      },
      "setIdx": 0,
      "setId": 2,
      "iconIdx": 5
    },
    {
      "icon": {
        "paths": [
          "M696.768 308.48l-22.925-18.286c-3.584-3.030-8.166-4.462-12.754-3.983s-8.808 2.831-11.747 6.543l-317.274 380.709 4.899 5.669 78.576-75.703c-2.619-1.101-4.785-3.125-6.124-5.722s-1.763-5.603-1.201-8.492c0.561-2.891 2.074-5.486 4.275-7.331 2.202-1.847 4.954-2.829 7.775-2.776 2.545 0 5.023 0.852 7.071 2.432 2.046 1.58 3.555 3.803 4.304 6.345l103.6-100.389c1.587-1.335 3.562-2.063 5.601-2.063 2.037 0 4.012 0.728 5.599 2.063l5.25 4.023c1.777 1.331 3.964 1.918 6.135 1.648 2.169-0.271 4.164-1.381 5.59-3.11l135.45-158.72c1.441-1.574 2.538-3.456 3.22-5.515s0.933-4.246 0.733-6.415c-0.199-2.169-0.843-4.266-1.887-6.151-1.044-1.887-2.465-3.515-4.165-4.776z",
          "M845.868 415.634c-69.433 51.621-147.213 89.717-229.601 112.457-81.77 21.729-165.44 34.717-249.724 38.766 1.697 12.987 4.749 25.741 9.099 38.034 47.601 44.983 406.001-31.817 476.001-120.686 14.875-18.469-5.775-68.571-5.775-68.571zM420.268 603.429c-2.353 0-4.656-0.73-6.612-2.096s-3.482-3.308-4.383-5.581c-0.9-2.271-1.136-4.773-0.677-7.184s1.593-4.628 3.257-6.367c1.664-1.739 3.785-2.922 6.093-3.403 2.309-0.479 4.701-0.232 6.875 0.708 2.174 0.942 4.034 2.536 5.341 4.581s2.006 4.449 2.006 6.908c0.022 1.64-0.269 3.268-0.859 4.787-0.589 1.52-1.465 2.9-2.575 4.059s-2.43 2.075-3.886 2.692c-1.454 0.616-3.012 0.92-4.581 0.896z",
          "M81.655 389.301l2.8-12.617 45.5 10.789c3.754 7.245 6.075 15.205 6.825 23.406 0.869 8.688 0.336 17.465-1.575 25.966-2.265 11.8-7.455 22.771-15.050 31.817-7.226 8.541-16.543 14.864-26.95 18.286-10.726 3.456-22.134 3.899-33.075 1.28-10.965-2.474-21.072-8.038-29.225-16.091-8.028-7.735-13.792-17.688-16.625-28.709-3.142-11.968-3.142-24.602 0-36.571 1.881-8.958 5.257-17.499 9.975-25.234 4.465-7.033 10.462-12.862 17.5-17.006l6.3 10.057c-6.032 3.871-11.21 9.033-15.192 15.148s-6.677 13.043-7.908 20.326c-2.17 9.461-1.989 19.343 0.525 28.709 2.351 8.894 7.016 16.933 13.475 23.223 6.639 6.707 14.946 11.332 23.975 13.349 8.756 2.569 18.019 2.569 26.775 0 8.387-2.893 15.921-7.993 21.875-14.811 6.119-7.362 10.335-16.238 12.25-25.783 2.879-11.577 2.144-23.813-2.1-34.926l-40.075-10.606z",
          "M180.693 274.284l-40.775 56.869 17.5 32.731-8.050 11.337-64.75-123.429 7.525-10.789 131.774 29.623-8.225 11.337-35-7.68zM169.143 271.358l-70-16.457 35 65.646 35-49.189z",
          "M169.143 156.345l10.5-8.229 66.675 93.257 54.95-42.971 6.651 9.326-65.276 51.017-73.499-102.4z",
          "M279.393 80.093l11.725-5.486 46.201 105.691 62.475-29.623 4.549 10.606-74.2 35.292-50.75-116.48z",
          "M510.043 122.149l2.624 11.52-84.35 20.663-27.999-124.709 81.9-19.931 2.45 11.337-70 17.006 9.975 44.251 61.599-15.177 2.626 11.337-61.775 14.994 10.5 46.263 72.45-17.554z",
          "M630.268 126.719l-29.226-40.229c-3.264 0.189-6.535 0.189-9.799 0l-32.9 1.097 1.225 40.594h-12.95l-4.027-128 46.55-0.183c13.162-1.27 26.324 2.427 37.1 10.423 4.542 3.822 8.194 8.671 10.681 14.183 2.485 5.512 3.741 11.542 3.67 17.634 0.51 9.037-1.757 18.007-6.475 25.6-5.029 7.288-12.134 12.728-20.299 15.543l30.625 42.789-14.175 0.549zM618.017 66.559c3.147-3.011 5.586-6.737 7.135-10.891 1.547-4.153 2.16-8.623 1.79-13.064 0.091-4.464-0.792-8.891-2.58-12.946-1.79-4.055-4.438-7.632-7.744-10.46-8.066-5.715-17.766-8.361-27.476-7.497l-33.249 1.28 2.099 64 32.55-1.097c9.925 0.384 19.661-2.92 27.474-9.326z",
          "M722.843 92.709l-6.301 43.703-12.774-2.011 6.475-42.971-36.224-91.429 13.648 2.194 30.976 77.897 52.5-64.549 12.25 2.743-60.549 74.423z",
          "M895.918 85.027l15.225 20.663-6.649 5.486-15.227-21.211-9.624 23.954-7.351-3.291 9.801-23.954-25.201 3.474v-8.777l24.85-2.926-15.4-20.663 6.826-5.486 13.475 20.846 9.45-24.137 7.525 3.291-8.925 24.503 25.2-3.657v8.96l-23.974 2.926z",
          "M954.368 232.41c-4.133-6.658-6.711-14.235-7.525-22.126l10.324-4.754c0.775 7.248 3.043 14.235 6.651 20.48 3.909 7.002 9.009 13.199 15.049 18.286 6.237 6.241 14.197 10.271 22.751 11.52 3.090 0.3 6.203-0.194 9.070-1.435 2.867-1.243 5.4-3.198 7.38-5.696 1.452-1.673 2.558-3.641 3.249-5.78 0.693-2.138 0.956-4.403 0.775-6.654-0.58-4.456-2.008-8.746-4.2-12.617-3.29-5.612-6.852-11.045-10.675-16.274-4.659-6.378-8.87-13.1-12.599-20.114-2.853-5.249-4.414-11.154-4.551-17.188-0.011-6.776 2.427-13.307 6.826-18.286 3.813-4.825 8.845-8.436 14.524-10.423 6.345-1.915 13.080-1.915 19.425 0 8.176 2.794 15.733 7.27 22.224 13.166 5.389 4.682 10.156 10.094 14.175 16.091 3.717 5.562 6.501 11.746 8.225 18.285l-9.975 5.486c-1.739-6.095-4.334-11.888-7.7-17.188-3.352-4.733-7.294-8.977-11.725-12.617-6.144-6.213-14.080-10.133-22.574-11.154-3.123-0.273-6.261 0.27-9.132 1.578s-5.387 3.343-7.32 5.919c-1.488 1.647-2.619 3.611-3.313 5.757s-0.936 4.424-0.711 6.677c0.41 4.611 1.849 9.058 4.2 12.982 2.45 4.206 5.95 9.691 10.675 16.274 4.685 6.232 8.896 12.835 12.601 19.749 2.911 5.233 4.535 11.14 4.725 17.189 0.011 6.777-2.427 13.308-6.826 18.286-3.827 4.891-8.934 8.514-14.7 10.423-6.334 1.999-13.091 1.999-19.425 0-8.232-2.785-15.846-7.261-22.4-13.166-7.064-6.424-12.988-14.1-17.499-22.674z",
          "M1130.417 259.109l-24.675-36.571 9.101-6.766 56.874 84.846-9.099 6.766-24.675-36.571-91.35 66.743-7.351-11.154 91.174-67.291z",
          "M1091.218 409.417c3.123-11.052 9.192-20.946 17.499-28.526 8.124-7.605 18.024-12.838 28.699-15.177 10.884-2.611 22.234-2.169 32.9 1.28 10.297 3.557 19.525 9.86 26.776 18.286 7.539 9.062 12.668 20.034 14.875 31.817 2.898 11.568 2.898 23.722 0 35.291-3.211 11.010-9.267 20.88-17.501 28.526-8.349 7.808-18.492 13.226-29.44 15.726s-22.329 1.995-33.035-1.463c-10.373-3.385-19.644-9.715-26.774-18.286-7.504-9.015-12.632-19.919-14.875-31.634-2.673-11.825-2.372-24.174 0.876-35.84zM1114.143 467.566c5.842 6.952 13.414 12.080 21.873 14.811 8.722 2.642 17.938 2.957 26.805 0.911 8.867-2.044 17.099-6.382 23.945-12.613 6.46-6.21 11.229-14.096 13.826-22.857 2.439-9.251 2.679-18.986 0.697-28.356s-6.128-18.090-12.072-25.404c-6.098-6.987-13.903-12.107-22.574-14.811-8.832-2.45-18.121-2.45-26.951 0-8.909 1.787-17.157 6.159-23.799 12.617-6.519 6.232-11.297 14.193-13.826 23.040-2.375 9.284-2.375 19.057 0 28.343 1.916 9.072 6.080 17.457 12.076 24.32z",
          "M1077.917 621.712l45.325-18.286c0-3.291 1.051-6.583 1.925-10.057l8.576-33.097-37.102-10.057 3.326-12.983 118.299 33.097-11.9 46.263c-2.681 13.499-9.878 25.558-20.299 34.011-4.789 3.474-10.282 5.745-16.051 6.634-5.767 0.887-11.655 0.369-17.2-1.514-8.444-1.915-16.013-6.78-21.453-13.795-5.442-7.016-8.43-15.759-8.472-24.788l-48.3 18.286 3.324-13.714zM1136.543 626.832c2.050 3.886 4.831 7.298 8.176 10.033 3.344 2.734 7.183 4.734 11.286 5.879 4.103 1.143 8.386 1.41 12.59 0.781s8.243-2.139 11.873-4.442c7.724-6.482 12.996-15.62 14.875-25.783l8.4-32.914-59.326-16.64-8.399 32.914c-3.229 9.808-3.043 20.493 0.525 30.171z",
          "M1015.093 739.476l-8.925-7.131 52.5-72.229 97.649 77.349-50.75 70.034-8.925-7.131 42.876-59.063-35.001-27.611-38.325 52.846-8.75-6.949 39.199-52.846-36.224-28.709-45.325 61.44z",
          "M974.144 885.21l-25.026 1.463v-8.777l25.026-0.183-13.477-21.76 6.826-4.571 13.299 21.943 10.851-24.503 7.525 4.206-11.9 23.040 25.026-1.463v8.96h-25.375l13.475 21.76-6.824 4.571-13.301-21.943-11.549 23.771-7.351-4.389 12.776-22.126z",
          "M746.642 870.581l21.175 12.251c3.551-7.126 8.505-13.385 14.537-18.364 6.034-4.979 13.007-8.567 20.464-10.527 6.954-2.266 14.27-3.074 21.524-2.377 6.296 0.505 12.343 2.779 17.501 6.583 4.663 3.674 8.093 8.794 9.799 14.629 2.11 7.219 1.737 14.98-1.050 21.943-4.392 9.461-10.311 18.059-17.499 25.417 5.769 3.24 11.12 7.234 15.923 11.886 3.301 3.564 5.758 7.885 7.175 12.617 0.898 3.69 0.953 7.547 0.163 11.264-0.79 3.716-2.405 7.184-4.712 10.13-4.672 7.035-11.643 12.041-19.6 14.080-6.987 2.785-14.711 2.785-21.7 0-3.107-1.397-5.862-3.527-8.048-6.224-2.187-2.695-3.745-5.886-4.553-9.318-1.834-6.036-1.395-12.575 1.225-18.286 4.017-8.313 9.275-15.905 15.576-22.491l-42.174-24.503c-1.611 8.611-1.964 17.426-1.051 26.149h-10.675c-0.719-10.741 0.468-21.528 3.5-31.817l-22.049-12.8 4.549-10.24zM777.093 888.867l46.374 26.88c6.078-6.064 11.109-13.179 14.875-21.029 1.922-5.301 1.922-11.154 0-16.457-0.794-3.167-2.33-6.080-4.467-8.474-2.139-2.394-4.813-4.195-7.784-5.241-7.265-2.564-15.135-2.564-22.4 0-5.936 1.637-11.458 4.613-16.174 8.72-4.718 4.107-8.514 9.245-11.125 15.051l0.7 0.549zM842.893 962.010c1.143-2.021 1.86-4.273 2.101-6.607 0.241-2.335 0.002-4.696-0.7-6.925-1.073-3.611-2.999-6.881-5.601-9.509-4.454-3.926-9.329-7.301-14.524-10.057-5.307 5.482-9.949 11.624-13.826 18.286-2.116 4.155-2.617 9-1.399 13.531 0.554 2.092 1.527 4.037 2.854 5.709 1.328 1.669 2.979 3.028 4.844 3.983 4.456 1.755 9.37 1.755 13.826 0 4.758-1.326 8.912-4.37 11.725-8.594l0.7 0.183z",
          "M533.317 1011.568l2.45-128h12.425l-1.925 102.4 49.701-85.211h6.126l46.55 86.674 1.75-101.851h12.425l-2.275 128h-10.675l-51.451-95.634-54.426 93.806-10.675-0.183z",
          "M472.417 877.716c8.004 7.969 13.729 18.105 16.541 29.277 2.812 11.171 2.598 22.939-0.616 33.991-2.875 11.317-8.618 21.614-16.625 29.806-7.781 7.991-17.536 13.563-28.175 16.091-11.222 2.646-22.905 2.267-33.949-1.097-11.008-2.809-21.135-8.541-29.4-16.64-7.883-7.868-13.519-17.871-16.276-28.891-2.69-11.392-2.492-23.322 0.578-34.609 3.068-11.288 8.901-21.544 16.923-29.756 7.642-7.971 17.19-13.654 27.65-16.457 11.163-2.639 22.788-2.26 33.774 1.097 11.121 2.946 21.316 8.87 29.575 17.189zM412.743 871.316c-8.561 2.083-16.386 6.645-22.576 13.166-6.446 6.709-11.041 15.111-13.301 24.32-2.439 9.152-2.439 18.825 0 27.977 2.064 8.903 6.493 17.017 12.776 23.406 6.588 6.733 14.724 11.582 23.625 14.080 8.9 2.368 18.225 2.368 27.125 0 8.567-2.202 16.419-6.746 22.749-13.166 6.413-6.736 11.001-15.128 13.299-24.32 2.447-9.212 2.447-18.948 0-28.16-2.238-8.87-6.711-16.951-12.95-23.406-6.623-6.742-14.833-11.536-23.799-13.897-8.819-2.547-18.132-2.547-26.949 0z",
          "M280.267 786.286l4.725 50.286c3.003 1.34 5.925 2.867 8.75 4.571l28.526 17.189 19.249-35.474 11.376 6.766-61.25 110.263-39.899-23.954c-11.794-6.19-21.098-16.56-26.251-29.257-1.902-5.72-2.544-11.814-1.878-17.83 0.667-6.016 2.626-11.796 5.729-16.912 4.067-8.013 10.516-14.431 18.373-18.286 7.982-3.454 16.81-4.158 25.201-2.011l-5.076-53.76 12.425 8.411zM260.317 844.069c-4.111 1.079-7.971 3.012-11.348 5.683-3.379 2.673-6.206 6.031-8.315 9.872-2.108 3.84-3.452 8.086-3.952 12.484-0.501 4.396-0.148 8.854 1.039 13.104 4.103 9.465 11.215 17.154 20.125 21.76l28.175 17.006 30.625-54.857-28.175-17.006c-8.097-6.34-18.068-9.51-28.175-8.96v0.914z",
          "M176.668 700.528l7.875-8.229 60.374 64.914-87.499 89.234-58.275-62.903 8.050-8.229 49.525 53.211 29.924-31.634-43.399-47.177 8.4-8.411 44.276 47.543 32.549-33.097-51.799-55.223z",
          "M46.643 628.663l4.2-25.234 8.225 1.28-4.725 25.966 23.275-8.96 2.8 8.046-23.625 8.411 19.425 17.189-5.6 6.583-18.725-18.286-4.375 25.966-8.4-1.646 4.9-25.966-23.45 8.777-2.625-7.131 23.45-8.594-19.425-17.006 5.775-6.583 18.9 17.189z"
        ],
        "attrs": [
          {},
          {},
          {},
          {},
          {},
          {},
          {},
          {},
          {},
          {},
          {},
          {},
          {},
          {},
          {},
          {},
          {},
          {},
          {},
          {},
          {},
          {}
        ],
        "width": 1225,
        "isMulticolor": false,
        "isMulticolor2": false,
        "grid": 0,
        "tags": [
          "Logo"
        ],
        "colorPermutations": {
          "255108012552552551331502431": [
            {},
            {},
            {},
            {},
            {},
            {},
            {},
            {},
            {},
            {},
            {},
            {},
            {},
            {},
            {},
            {},
            {},
            {},
            {},
            {},
            {},
            {}
          ]
        }
      },
      "attrs": [
        {},
        {},
        {},
        {},
        {},
        {},
        {},
        {},
        {},
        {},
        {},
        {},
        {},
        {},
        {},
        {},
        {},
        {},
        {},
        {},
        {},
        {}
      ],
      "properties": {
        "order": 6,
        "id": 5,
        "name": "Logo",
        "prevSize": 32
      },
      "setIdx": 0,
      "setId": 2,
      "iconIdx": 6
    },
    {
      "icon": {
        "paths": [
          "M512 512c94.293 0 170.667-76.373 170.667-170.667s-76.373-170.667-170.667-170.667c-94.293 0-170.667 76.373-170.667 170.667s76.373 170.667 170.667 170.667zM512 597.333c-113.92 0-341.333 57.173-341.333 170.667v42.667c0 23.467 19.2 42.667 42.667 42.667h597.333c23.467 0 42.667-19.2 42.667-42.667v-42.667c0-113.493-227.413-170.667-341.333-170.667z"
        ],
        "attrs": [
          {
            "fill": "rgb(33, 150, 243)"
          }
        ],
        "isMulticolor": false,
        "isMulticolor2": false,
        "grid": 0,
        "tags": [
          "person-black-18dp 1"
        ],
        "colorPermutations": {
          "255108012552552551331502431": [
            {
              "f": 1
            }
          ]
        }
      },
      "attrs": [
        {
          "fill": "rgb(33, 150, 243)"
        }
      ],
      "properties": {
        "order": 7,
        "id": 4,
        "name": "person-black-18dp-1",
        "prevSize": 32
      },
      "setIdx": 0,
      "setId": 2,
      "iconIdx": 7
    },
    {
      "icon": {
        "paths": [
          "M796.217 632.752l-104.567-11.941c-25.116-2.879-49.818 5.769-67.521 23.467l-75.75 75.753c-116.509-59.284-212.021-154.384-271.305-271.306l76.163-76.163c17.703-17.703 26.348-42.404 23.466-67.518l-11.939-103.747c-4.941-41.581-39.934-72.87-81.927-72.87h-71.223c-46.521 0-85.22 38.699-82.339 85.221 21.82 351.588 303.006 632.364 654.182 654.181 46.518 2.884 85.22-35.817 85.22-82.335v-71.225c0.41-41.58-30.879-76.572-72.459-81.516z"
        ],
        "attrs": [
          {}
        ],
        "isMulticolor": false,
        "isMulticolor2": false,
        "grid": 0,
        "tags": [
          "phone-black-18dp 1"
        ],
        "colorPermutations": {
          "255108012552552551331502431": [
            {}
          ]
        }
      },
      "attrs": [
        {}
      ],
      "properties": {
        "order": 8,
        "id": 3,
        "name": "phone-black-18dp-1",
        "prevSize": 32
      },
      "setIdx": 0,
      "setId": 2,
      "iconIdx": 8
    },
    {
      "icon": {
        "paths": [
          "M970.902 113.778v796.442h-849.539v-796.442h849.539zM970.902 0h-849.539c-66.75 0-121.363 51.2-121.363 113.778v796.442c0 62.58 54.613 113.78 121.363 113.78h849.539c66.751 0 121.364-51.2 121.364-113.78v-796.442c0-62.578-54.613-113.778-121.364-113.778z"
        ],
        "attrs": [
          {}
        ],
        "width": 1092,
        "isMulticolor": false,
        "isMulticolor2": false,
        "grid": 0,
        "tags": [
          "Vector"
        ],
        "colorPermutations": {
          "255108012552552551331502431": [
            {}
          ]
        }
      },
      "attrs": [
        {}
      ],
      "properties": {
        "order": 9,
        "id": 1,
        "name": "Vector",
        "prevSize": 32
      },
      "setIdx": 0,
      "setId": 2,
      "iconIdx": 10
    },
    {
      "icon": {
        "paths": [
          "M32 0l-0 1024"
        ],
        "attrs": [
          {
            "fill": "none",
            "strokeLinejoin": "miter",
            "strokeLinecap": "butt",
            "strokeMiterlimit": "4",
            "strokeWidth": 64
          }
        ],
        "width": 64,
        "isMulticolor": false,
        "isMulticolor2": false,
        "grid": 0,
        "tags": [
          "курсор"
        ],
        "colorPermutations": {
          "255108012552552551331502431": [
            {
              "s": 0
            }
          ]
        }
      },
      "attrs": [
        {
          "fill": "none",
          "strokeLinejoin": "miter",
          "strokeLinecap": "butt",
          "strokeMiterlimit": "4",
          "strokeWidth": 64
        }
      ],
      "properties": {
        "order": 10,
        "id": 0,
        "name": "untitled",
        "prevSize": 32
      },
      "setIdx": 0,
      "setId": 2,
      "iconIdx": 11
    }
  ],
  "height": 1024,
  "preferences": {
    "showGlyphs": true,
    "showQuickUse": true,
    "showQuickUse2": true,
    "showSVGs": true,
    "fontPref": {
      "prefix": "icon-",
      "metadata": {
        "fontFamily": "icomoon"
      },
      "metrics": {
        "emSize": 1024,
        "baseline": 6.25,
        "whitespace": 50
      },
      "embed": false
    },
    "imagePref": {
      "prefix": "",
      "png": false,
      "useClassSelector": true,
      "color": 0,
      "bgColor": 16777215,
      "classSelector": ".icon",
      "name": "modal",
      "height": 32,
      "columns": 16,
      "margin": 16
    },
    "historySize": 50,
    "showCodes": true,
    "gridSize": 16
  }
}